timestamp,lighting,brightness,contrast,blur_score,status,event_active,confidence,movement,vertical,direction,ratio,ratio_change,recovery,candidate,score,event_timer
2026-09-22T17:37:22,NORMAL,142.43,53.47,419.35,MONITORING,False,0.71,6.2,1.5,STABLE,1.48,-0.03,0/5,False,0,0.0
2026-09-22T17:57:45,UNKNOWN,0.0,0.0,0.0,MONITORING,False,0.0,0.0,0.0,STABLE,0.0,0.0,0/5,False,0,0
2026-09-22T17:57:46,NORMAL,108.3,37.73,225.44,MONITORING,False,0.0,0.0,0.0,STABLE,0.0,0.0,0/5,False,0,0
2026-09-22T17:57:47,NORMAL,108.3,37.73,225.44,MONITORING,False,0.0,0.0,0.0,STABLE,0.0,0.0,0/5,False,0,0
2026-09-22T17:57:48,NORMAL,108.3,37.73,225.44,MONITORING,False,0.0,0.0,0.0,STABLE,0.0,0.0,0/5,False,0,0
2026-09-22T17:57:49,NORMAL,108.3,37.73,225.44,MONITORING,False,0.0,0.0,0.0,STABLE,0.0,0.0,0/5,False,0,0
2026-09-22T17:57:50,NORMAL,108.3,37.73,225.44,MONITORING,False,0.0,0.0,0.0,STABLE,0.0,0.0,0/5,False,0,0
2026-09-22T17:57:51,NORMAL,108.3,37.73,225.44,MONITORING,False,0.0,0.0,0.0,STABLE,0.0,0.0,0/5,False,0,0
2026-09-22T17:57:52,NORMAL,108.3,37.73,225.44,MONITORING,False,0.0,0.0,0.0,STABLE,0.0,0.0,0/5,False,0,0
2026-09-22T17:57:53,NORMAL,108.3,37.73,225.44,MONITORING,False,0.0,0.0,0.0,STABLE,0.0,0.0,0/5,False,0,0
2026-09-22T17:57:54,NORMAL,108.3,37.73,225.44,MONITORING,False,0.0,0.0,0.0,STABLE,0.0,0.0,0/5,False,0,0
2026-09-22T17:57:55,NORMAL,108.3,37.73,225.44,MONITORING,False,0.0,0.0,0.0,STABLE,0.0,0.0,0/5,False,0,0
2026-09-22T17:57:56,NORMAL,108.3,37.73,225.44,MONITORING,False,0.0,0.0,0.0,STABLE,0.0,0.0,0/5,False,0,0
2026-09-22T17:57:57,NORMAL,108.3,37.73,225.44,MONITORING,False,0.0,0.0,0.0,STABLE,0.0,0.0,0/5,False,0,0
2026-09-22T17:57:58,NORMAL,108.3,37.73,225.44,MONITORING,False,0.0,0.0,0.0,STABLE,0.0,0.0,0/5,False,0,0
2026-09-22T17:57:59,NORMAL,108.3,37.73,225.44,MONITORING,False,0.0,0.0,0.0,STABLE,0.0,0.0,0/5,False,0,0
2026-09-22T17:58:00,NORMAL,108.3,37.73,225.44,MONITORING,False,0.0,0.0,0.0,STABLE,0.0,0.0,0/5,False,0,0
2026-09-22T17:58:01,NORMAL,108.3,37.73,225.44,MONITORING,False,0.0,0.0,0.0,STABLE,0.0,0.0,0/5,False,0,0
2026-09-22T17:58:02,NORMAL,108.3,37.73,225.44,MONITORING,False,0.0,0.0,0.0,STABLE,0.0,0.0,0/5,False,0,0
2026-09-22T17:58:03,NORMAL,108.3,37.73,225.44,MONITORING,False,0.0,0.0,0.0,STABLE,0.0,0.0,0/5,False,0,0
2026-09-22T17:58:04,NORMAL,108.3,37.73,225.44,MONITORING,False,0.0,0.0,0.0,STABLE,0.0,0.0,0/5,False,0,0
2026-09-22T17:58:05,NORMAL,108.3,37.73,225.44,MONITORING,False,0.0,0.0,0.0,STABLE,0.0,0.0,0/5,False,0,0
2026-09-22T17:58:06,NORMAL,108.3,37.73,225.44,MONITORING,False,0.0,0.0,0.0,STABLE,0.0,0.0,0/5,False,0,0
2026-09-22T17:58:07,NORMAL,108.3,37.73,225.44,MONITORING,False,0.0,0.0,0.0,STABLE,0.0,0.0,0/5,False,0,0
2026-09-22T17:58:08,NORMAL,143.34,36.42,43.3,MONITORING,False,0.7,9.6,1.0,STABLE,2.31,-0.07,0/5,False,0,0
2026-09-22T17:58:09,NORMAL,114.66,21.38,318.39,MONITORING,False,0.84,7.2,-3.0,STABLE,1.82,-0.03,0/5,False,0,0
2026-09-22T17:58:10,DARK,86.93,36.39,393.12,MONITORING,False,0.75,21.5,-20.5,UP,1.51,-0.0,0/5,False,0,0
2026-09-22T17:58:11,DARK,89.92,34.5,402.26,MONITORING,False,0.81,46.9,39.0,DOWN,1.57,0.06,0/5,False,0,0
2026-09-22T17:58:12,DARK,86.63,26.38,149.69,MONITORING,False,0.81,46.9,39.0,DOWN,1.57,0.06,0/5,False,0,0
2026-09-22T17:58:13,DARK,77.82,29.88,498.83,MONITORING,False,0.61,226.6,8.0,DOWN,1.32,-0.73,0/5,True,2,0
2026-09-22T17:58:14,DARK,73.46,30.01,476.75,MONITORING,False,0.69,191.6,-46.0,UP,1.76,0.51,0/5,True,1,0
2026-09-22T17:58:15,DARK,59.7,30.12,560.34,MONITORING,False,0.76,12.2,-11.5,UP,1.81,-0.17,0/5,True,0,0
2026-09-22T17:58:16,DARK,63.65,28.84,639.91,MONITORING,False,0.73,4.5,-2.0,STABLE,1.75,-0.04,0/5,False,0,0
2026-09-22T17:58:17,DARK,66.92,29.89,667.12,MONITORING,False,0.67,21.1,8.0,DOWN,1.73,0.01,0/5,False,0,0
2026-09-22T17:58:18,DARK,58.33,27.27,662.71,MONITORING,False,0.61,6.1,-5.0,STABLE,1.69,-0.03,0/5,False,0,0
2026-09-22T17:58:19,DARK,57.57,28.03,669.62,MONITORING,False,0.69,10.0,1.0,STABLE,1.75,0.08,0/5,False,0,0
2026-09-22T17:58:20,DARK,62.39,28.84,565.78,MONITORING,False,0.73,2.1,-2.0,STABLE,1.68,-0.01,0/5,False,0,0
2026-09-22T17:58:21,DARK,69.27,31.12,570.05,MONITORING,False,0.74,1.6,-0.5,STABLE,1.65,-0.0,0/5,False,0,0
2026-09-22T17:58:22,DARK,58.01,29.27,595.96,MONITORING,False,0.52,224.5,2.0,STABLE,2.45,0.69,0/5,True,3,0
2026-09-22T17:58:23,NORMAL,121.15,21.35,45.57,MONITORING,False,0.58,2.5,0.0,STABLE,1.73,0.01,0/5,True,0,0
2026-09-22T17:58:24,VERY_DARK,48.54,26.41,701.42,MONITORING,False,0.63,19.7,3.0,STABLE,1.61,-0.06,0/5,True,0,0
2026-09-22T17:58:25,VERY_DARK,48.54,26.41,701.42,FALL DETECTED,True,0.81,9.8,4.0,STABLE,2.38,0.06,0/5,False,0,0
2026-09-22T17:58:26,VERY_DARK,43.17,24.89,580.81,FALL DETECTED,True,0.77,3.5,-0.5,STABLE,2.33,-0.03,0/5,False,0,1
2026-09-22T17:58:27,VERY_DARK,43.39,24.68,601.55,FALL DETECTED,True,0.63,48.5,-1.5,STABLE,1.79,0.25,0/5,False,0,2
2026-09-22T17:58:28,VERY_DARK,45.6,20.4,177.09,FALL DETECTED,True,0.52,8.2,2.0,STABLE,2.52,0.03,0/5,False,0,3
2026-09-22T17:58:29,VERY_DARK,46.09,20.71,179.64,FALL DETECTED,True,0.62,9.0,-9.0,UP,1.75,0.01,1/5,False,0,4
2026-09-22T17:58:30,VERY_DARK,47.78,23.87,587.88,FALL DETECTED,True,0.6,0.7,-0.5,STABLE,1.73,-0.01,0/5,False,0,5
2026-09-22T17:58:31,VERY_DARK,45.82,23.44,613.23,FALL DETECTED,True,0.65,2.2,1.0,STABLE,1.72,-0.01,0/5,False,0,6
2026-09-22T17:58:32,VERY_DARK,47.6,23.77,617.23,FALL DETECTED,True,0.57,3.0,0.5,STABLE,1.7,-0.01,0/5,False,0,8
2026-09-22T17:58:33,VERY_DARK,47.71,23.73,591.74,FALL DETECTED,True,0.55,6.9,-6.0,UP,1.67,-0.04,1/5,False,0,8
2026-09-22T17:58:34,VERY_DARK,47.74,23.78,605.45,FALL DETECTED,True,0.63,4.5,-4.0,STABLE,1.67,-0.06,1/5,False,0,9
2026-09-22T17:58:35,DARK,58.29,26.5,572.52,FALL DETECTED,True,0.59,2.2,1.0,STABLE,1.68,0.03,4/5,False,0,10
2026-09-22T17:58:36,DARK,79.8,34.11,539.61,MONITORING,False,0.61,5.0,0.5,STABLE,1.63,-0.02,0/5,False,0,0
2026-09-22T17:58:37,DARK,81.24,34.27,540.75,MONITORING,False,0.65,0.5,0.0,STABLE,1.65,-0.02,0/5,False,0,0
2026-09-22T17:58:38,DARK,81.34,34.5,543.29,MONITORING,False,0.7,6.1,5.0,STABLE,1.68,0.03,0/5,False,0,0
2026-09-22T17:58:39,DARK,75.09,32.77,541.09,MONITORING,False,0.7,7.5,-0.5,STABLE,1.67,0.01,0/5,False,0,0
2026-09-22T17:58:40,DARK,76.0,33.22,543.86,MONITORING,False,0.66,16.4,3.5,STABLE,1.72,0.05,0/5,False,0,0
2026-09-22T17:58:41,DARK,98.79,30.74,456.19,MONITORING,False,0.66,7.0,-2.5,STABLE,1.64,-0.05,0/5,False,0,0
2026-09-22T17:58:42,NORMAL,107.8,43.21,483.14,MONITORING,False,0.71,1.8,1.0,STABLE,1.63,0.01,0/5,False,0,0
2026-09-22T17:58:43,NORMAL,108.51,43.16,489.42,MONITORING,False,0.64,6.5,-0.5,STABLE,1.66,0.0,0/5,False,0,0
2026-09-22T17:58:44,NORMAL,108.21,43.29,479.74,MONITORING,False,0.66,1.6,-0.5,STABLE,1.63,0.02,0/5,False,0,0
2026-09-22T17:58:45,NORMAL,108.28,43.36,477.67,MONITORING,False,0.69,3.2,-2.5,STABLE,1.64,-0.01,0/5,False,0,0
2026-09-22T17:58:46,NORMAL,108.12,43.21,483.61,MONITORING,False,0.71,3.2,2.5,STABLE,1.64,0.0,0/5,False,0,0
2026-09-22T17:58:47,NORMAL,108.25,42.92,494.61,MONITORING,False,0.72,61.1,-2.5,STABLE,2.44,0.3,0/5,False,0,0
2026-09-22T17:58:48,DARK,91.76,37.5,581.93,MONITORING,False,0.71,62.1,3.0,STABLE,2.52,0.29,0/5,False,0,0
2026-09-22T17:58:49,DARK,91.77,36.61,578.79,MONITORING,False,0.68,3.6,2.0,STABLE,2.21,-0.01,0/5,False,0,0
2026-09-22T17:58:50,DARK,94.64,36.77,531.8,MONITORING,False,0.7,17.5,-4.0,STABLE,2.43,0.01,0/5,False,0,0
2026-09-22T17:58:51,DARK,91.45,37.04,606.77,MONITORING,False,0.64,68.7,5.5,DOWN,2.46,0.4,0/5,False,0,0
2026-09-23T00:25:25,UNKNOWN,0.0,0.0,0.0,MONITORING,False,0.0,0.0,0.0,STABLE,0.0,0.0,0/5,False,0,0
2026-09-23T00:25:26,NORMAL,102.72,40.82,561.85,MONITORING,False,0.0,0.0,0.0,STABLE,0.0,0.0,0/5,False,0,0
2026-09-23T00:25:27,NORMAL,102.72,40.82,561.85,MONITORING,False,0.0,0.0,0.0,STABLE,0.0,0.0,0/5,False,0,0
2026-09-23T00:25:28,NORMAL,102.72,40.82,561.85,MONITORING,False,0.0,0.0,0.0,STABLE,0.0,0.0,0/5,False,0,0
2026-09-23T00:25:29,NORMAL,102.72,40.82,561.85,MONITORING,False,0.0,0.0,0.0,STABLE,0.0,0.0,0/5,False,0,0
2026-09-23T00:25:30,NORMAL,102.72,40.82,561.85,MONITORING,False,0.0,0.0,0.0,STABLE,0.0,0.0,0/5,False,0,0
2026-09-23T00:25:31,NORMAL,102.72,40.82,561.85,MONITORING,False,0.0,0.0,0.0,STABLE,0.0,0.0,0/5,False,0,0
2026-09-23T00:25:32,NORMAL,102.72,40.82,561.85,MONITORING,False,0.0,0.0,0.0,STABLE,0.0,0.0,0/5,False,0,0
2026-09-23T00:25:33,NORMAL,102.72,40.82,561.85,MONITORING,False,0.0,0.0,0.0,STABLE,0.0,0.0,0/5,False,0,0
2026-09-23T00:25:34,NORMAL,102.72,40.82,561.85,MONITORING,False,0.0,0.0,0.0,STABLE,0.0,0.0,0/5,False,0,0
2026-09-23T00:25:35,NORMAL,102.72,40.82,561.85,MONITORING,False,0.0,0.0,0.0,STABLE,0.0,0.0,0/5,False,0,0
2026-09-23T00:25:36,NORMAL,102.72,40.82,561.85,MONITORING,False,0.0,0.0,0.0,STABLE,0.0,0.0,0/5,False,0,0
2026-09-23T00:25:37,NORMAL,102.72,40.82,561.85,MONITORING,False,0.0,0.0,0.0,STABLE,0.0,0.0,0/5,False,0,0
2026-09-23T00:25:38,NORMAL,102.72,40.82,561.85,MONITORING,False,0.0,0.0,0.0,STABLE,0.0,0.0,0/5,False,0,0
2026-09-23T00:25:39,NORMAL,102.72,40.82,561.85,MONITORING,False,0.0,0.0,0.0,STABLE,0.0,0.0,0/5,False,0,0
2026-09-23T00:25:40,NORMAL,102.72,40.82,561.85,MONITORING,False,0.0,0.0,0.0,STABLE,0.0,0.0,0/5,False,0,0
2026-09-23T00:25:41,NORMAL,102.72,40.82,561.85,MONITORING,False,0.0,0.0,0.0,STABLE,0.0,0.0,0/5,False,0,0
2026-09-23T00:25:42,NORMAL,102.72,40.82,561.85,MONITORING,False,0.0,0.0,0.0,STABLE,0.0,0.0,0/5,False,0,0
2026-09-23T00:25:43,NORMAL,102.72,40.82,561.85,MONITORING,False,0.0,0.0,0.0,STABLE,0.0,0.0,0/5,False,0,0
2026-09-23T00:25:44,NORMAL,102.72,40.82,561.85,MONITORING,False,0.0,0.0,0.0,STABLE,0.0,0.0,0/5,False,0,0
2026-09-23T00:25:45,NORMAL,102.72,40.82,561.85,MONITORING,False,0.0,0.0,0.0,STABLE,0.0,0.0,0/5,False,0,0
2026-09-23T00:25:46,NORMAL,102.72,40.82,561.85,MONITORING,False,0.0,0.0,0.0,STABLE,0.0,0.0,0/5,False,0,0
2026-09-23T00:25:47,NORMAL,102.72,40.82,561.85,MONITORING,False,0.0,0.0,0.0,STABLE,0.0,0.0,0/5,False,0,0
2026-09-23T00:25:48,NORMAL,102.72,40.82,561.85,MONITORING,False,0.0,0.0,0.0,STABLE,0.0,0.0,0/5,False,0,0
2026-09-23T00:25:49,NORMAL,102.72,40.82,561.85,MONITORING,False,0.0,0.0,0.0,STABLE,0.0,0.0,0/5,False,0,0
2026-09-23T00:25:50,NORMAL,102.72,40.82,561.85,MONITORING,False,0.0,0.0,0.0,STABLE,0.0,0.0,0/5,False,0,0
2026-09-23T00:25:51,NORMAL,102.72,40.82,561.85,MONITORING,False,0.82,0.0,0.0,STABLE,1.77,0.0,0/5,False,0,0
2026-09-23T00:25:52,NORMAL,134.54,61.67,538.3,MONITORING,False,0.64,14.3,3.0,STABLE,1.65,0.06,0/5,False,0,0
2026-09-23T00:25:53,NORMAL,140.89,62.57,521.88,MONITORING,False,0.55,21.0,1.0,STABLE,1.7,-0.03,0/5,False,0,0
2026-09-23T00:25:54,NORMAL,144.61,63.6,646.09,MONITORING,False,0.6,19.0,-0.5,STABLE,1.61,-0.08,0/5,False,0,0
2026-09-23T00:25:55,NORMAL,146.55,44.75,281.29,MONITORING,False,0.65,1.8,-1.0,STABLE,1.65,0.01,0/5,False,0,0
2026-09-23T00:25:56,NORMAL,162.56,67.11,318.55,MONITORING,False,0.52,17.6,2.0,STABLE,1.6,-0.02,0/5,False,0,0
2026-09-23T00:25:57,NORMAL,171.08,69.01,258.56,MONITORING,False,0.52,17.6,2.0,STABLE,1.6,-0.02,0/5,False,0,0
2026-09-23T00:25:58,NORMAL,174.61,70.18,232.85,MONITORING,False,0.52,17.6,2.0,STABLE,1.6,-0.02,0/5,False,0,0
2026-09-23T00:25:59,NORMAL,179.27,71.29,260.58,MONITORING,False,0.55,21.5,0.0,STABLE,1.66,0.05,0/5,False,0,0
2026-09-23T00:26:00,BRIGHT,182.72,70.43,276.1,MONITORING,False,0.55,21.5,0.0,STABLE,1.66,0.05,0/5,False,0,0
2026-09-23T00:26:01,BRIGHT,188.25,70.76,247.49,MONITORING,False,0.55,21.5,0.0,STABLE,1.66,0.05,0/5,False,0,0
2026-09-23T00:26:02,BRIGHT,192.39,70.24,196.64,MONITORING,False,0.55,21.5,0.0,STABLE,1.66,0.05,0/5,False,0,0
2026-09-23T00:26:03,BRIGHT,192.06,70.54,193.35,MONITORING,False,0.55,21.5,0.0,STABLE,1.66,0.05,0/5,False,0,0
2026-09-23T00:26:04,BRIGHT,201.33,71.74,238.81,MONITORING,False,0.55,21.5,0.0,STABLE,1.66,0.05,0/5,False,0,0
2026-09-23T00:26:05,BRIGHT,202.37,71.23,240.79,MONITORING,False,0.55,21.5,0.0,STABLE,1.66,0.05,0/5,False,0,0
2026-09-23T00:26:06,BRIGHT,207.9,69.12,179.03,MONITORING,False,0.55,21.5,0.0,STABLE,1.66,0.05,0/5,False,0,0
2026-09-23T00:26:07,BRIGHT,211.08,67.17,177.92,MONITORING,False,0.55,21.5,0.0,STABLE,1.66,0.05,0/5,False,0,0
2026-09-23T00:26:08,BRIGHT,213.18,65.9,193.46,MONITORING,False,0.55,21.5,0.0,STABLE,1.66,0.05,0/5,False,0,0
2026-09-23T00:26:09,BRIGHT,216.57,62.78,183.87,MONITORING,False,0.55,21.5,0.0,STABLE,1.66,0.05,0/5,False,0,0
2026-09-23T00:26:10,BRIGHT,217.47,61.81,201.95,MONITORING,False,0.55,21.5,0.0,STABLE,1.66,0.05,0/5,False,0,0
2026-09-23T00:26:11,BRIGHT,218.51,60.8,208.69,MONITORING,False,0.55,21.5,0.0,STABLE,1.66,0.05,0/5,False,0,0
2026-09-23T00:26:12,BRIGHT,218.41,60.94,208.0,MONITORING,False,0.55,21.5,0.0,STABLE,1.66,0.05,0/5,False,0,0
2026-09-23T00:26:13,BRIGHT,218.44,60.81,205.37,MONITORING,False,0.55,21.5,0.0,STABLE,1.66,0.05,0/5,False,0,0
2026-09-23T00:26:14,BRIGHT,218.68,60.64,208.52,MONITORING,False,0.55,21.5,0.0,STABLE,1.66,0.05,0/5,False,0,0
2026-09-23T00:26:15,BRIGHT,218.57,60.72,199.37,MONITORING,False,0.55,21.5,0.0,STABLE,1.66,0.05,0/5,False,0,0
2026-09-23T00:26:16,BRIGHT,218.68,60.64,196.7,MONITORING,False,0.55,21.5,0.0,STABLE,1.66,0.05,0/5,False,0,0
2026-09-23T00:26:17,BRIGHT,218.69,60.69,199.2,MONITORING,False,0.55,21.5,0.0,STABLE,1.66,0.05,0/5,False,0,0
2026-09-23T00:26:18,BRIGHT,218.61,60.75,206.33,MONITORING,False,0.55,21.5,0.0,STABLE,1.66,0.05,0/5,False,0,0
2026-09-23T00:26:19,BRIGHT,218.62,60.72,202.33,MONITORING,False,0.55,21.5,0.0,STABLE,1.66,0.05,0/5,False,0,0
2026-09-23T00:26:20,BRIGHT,218.58,60.78,197.21,MONITORING,False,0.55,21.5,0.0,STABLE,1.66,0.05,0/5,False,0,0
2026-09-23T00:26:21,BRIGHT,218.63,60.69,198.87,MONITORING,False,0.55,21.5,0.0,STABLE,1.66,0.05,0/5,False,0,0
2026-09-23T00:26:22,BRIGHT,218.64,60.75,201.26,MONITORING,False,0.55,21.5,0.0,STABLE,1.66,0.05,0/5,False,0,0
2026-09-23T00:26:23,BRIGHT,218.68,60.69,202.12,MONITORING,False,0.55,21.5,0.0,STABLE,1.66,0.05,0/5,False,0,0
2026-09-23T00:26:24,BRIGHT,218.65,60.67,203.98,MONITORING,False,0.55,21.5,0.0,STABLE,1.66,0.05,0/5,False,0,0
2026-09-23T00:26:25,BRIGHT,218.83,60.55,192.69,MONITORING,False,0.55,21.5,0.0,STABLE,1.66,0.05,0/5,False,0,0
2026-09-23T00:26:26,BRIGHT,218.68,60.68,204.58,MONITORING,False,0.55,21.5,0.0,STABLE,1.66,0.05,0/5,False,0,0
2026-09-23T00:26:27,BRIGHT,218.72,60.61,205.68,MONITORING,False,0.55,21.5,0.0,STABLE,1.66,0.05,0/5,False,0,0
2026-09-23T00:26:28,BRIGHT,218.69,60.66,206.64,MONITORING,False,0.55,21.5,0.0,STABLE,1.66,0.05,0/5,False,0,0
2026-09-23T00:26:29,BRIGHT,218.36,61.08,198.5,MONITORING,False,0.55,21.5,0.0,STABLE,1.66,0.05,0/5,False,0,0
2026-09-23T00:26:30,BRIGHT,217.17,62.29,203.32,MONITORING,False,0.55,21.5,0.0,STABLE,1.66,0.05,0/5,False,0,0
2026-09-23T00:26:31,BRIGHT,217.15,62.37,207.53,MONITORING,False,0.55,21.5,0.0,STABLE,1.66,0.05,0/5,False,0,0
2026-09-23T00:26:33,BRIGHT,217.77,61.66,189.68,MONITORING,False,0.55,21.5,0.0,STABLE,1.66,0.05,0/5,False,0,0
2026-09-23T00:26:34,BRIGHT,218.69,60.57,195.51,MONITORING,False,0.55,21.5,0.0,STABLE,1.66,0.05,0/5,False,0,0
2026-09-23T00:26:35,BRIGHT,218.49,60.76,206.93,MONITORING,False,0.55,21.5,0.0,STABLE,1.66,0.05,0/5,False,0,0
2026-09-23T00:26:36,BRIGHT,218.61,60.67,198.79,MONITORING,False,0.55,21.5,0.0,STABLE,1.66,0.05,0/5,False,0,0
2026-09-23T00:26:37,BRIGHT,218.26,60.78,204.14,MONITORING,False,0.55,21.5,0.0,STABLE,1.66,0.05,0/5,False,0,0
2026-09-23T00:26:38,BRIGHT,211.99,63.48,252.07,MONITORING,False,0.55,21.5,0.0,STABLE,1.66,0.05,0/5,False,0,0
2026-09-23T00:26:39,BRIGHT,218.44,60.51,189.95,MONITORING,False,0.55,21.5,0.0,STABLE,1.66,0.05,0/5,False,0,0
2026-09-23T00:26:40,BRIGHT,218.58,60.26,190.39,MONITORING,False,0.55,21.5,0.0,STABLE,1.66,0.05,0/5,False,0,0
2026-09-23T00:26:41,BRIGHT,219.2,59.91,192.98,MONITORING,False,0.55,21.5,0.0,STABLE,1.66,0.05,0/5,False,0,0
2026-09-23T00:26:42,BRIGHT,219.06,60.16,205.12,MONITORING,False,0.55,21.5,0.0,STABLE,1.66,0.05,0/5,False,0,0
2026-09-23T00:26:43,BRIGHT,218.94,60.24,205.58,MONITORING,False,0.55,21.5,0.0,STABLE,1.66,0.05,0/5,False,0,0
2026-09-23T00:26:44,BRIGHT,218.96,60.25,201.95,MONITORING,False,0.55,21.5,0.0,STABLE,1.66,0.05,0/5,False,0,0
2026-09-23T00:26:45,BRIGHT,219.72,59.61,166.6,MONITORING,False,0.55,21.5,0.0,STABLE,1.66,0.05,0/5,False,0,0
2026-09-23T00:26:46,BRIGHT,219.41,59.97,189.43,MONITORING,False,0.55,21.5,0.0,STABLE,1.66,0.05,0/5,False,0,0
2026-09-23T00:26:47,BRIGHT,218.73,60.65,201.95,MONITORING,False,0.55,21.5,0.0,STABLE,1.66,0.05,0/5,False,0,0
2026-09-23T00:26:48,BRIGHT,218.78,60.62,199.52,MONITORING,False,0.55,21.5,0.0,STABLE,1.66,0.05,0/5,False,0,0
2026-09-23T00:26:49,BRIGHT,219.0,60.29,197.63,MONITORING,False,0.55,21.5,0.0,STABLE,1.66,0.05,0/5,False,0,0
2026-09-23T00:26:50,BRIGHT,218.99,60.33,203.12,MONITORING,False,0.55,21.5,0.0,STABLE,1.66,0.05,0/5,False,0,0
2026-09-23T00:26:51,BRIGHT,219.08,60.23,197.14,MONITORING,False,0.55,21.5,0.0,STABLE,1.66,0.05,0/5,False,0,0
2026-09-23T00:26:52,BRIGHT,219.43,59.9,198.04,MONITORING,False,0.55,21.5,0.0,STABLE,1.66,0.05,0/5,False,0,0
2026-09-23T00:26:53,BRIGHT,218.69,60.33,184.97,MONITORING,False,0.55,21.5,0.0,STABLE,1.66,0.05,0/5,False,0,0
2026-09-23T00:26:54,BRIGHT,219.56,59.61,202.71,MONITORING,False,0.55,21.5,0.0,STABLE,1.66,0.05,0/5,False,0,0
2026-09-23T00:26:55,BRIGHT,219.48,59.79,196.83,MONITORING,False,0.55,21.5,0.0,STABLE,1.66,0.05,0/5,False,0,0
2026-09-23T00:26:56,BRIGHT,219.57,59.76,203.56,MONITORING,False,0.55,21.5,0.0,STABLE,1.66,0.05,0/5,False,0,0
2026-09-23T00:26:57,BRIGHT,219.74,59.59,201.57,MONITORING,False,0.55,21.5,0.0,STABLE,1.66,0.05,0/5,False,0,0
2026-09-23T00:26:58,BRIGHT,219.75,59.63,200.55,MONITORING,False,0.55,21.5,0.0,STABLE,1.66,0.05,0/5,False,0,0
2026-09-23T00:26:59,BRIGHT,218.66,60.29,197.02,MONITORING,False,0.55,21.5,0.0,STABLE,1.66,0.05,0/5,False,0,0
2026-09-23T00:27:00,BRIGHT,219.83,59.28,192.73,MONITORING,False,0.55,21.5,0.0,STABLE,1.66,0.05,0/5,False,0,0
2026-09-23T00:27:01,BRIGHT,222.2,55.23,196.07,MONITORING,False,0.55,21.5,0.0,STABLE,1.66,0.05,0/5,False,0,0
2026-09-23T00:27:02,BRIGHT,218.87,57.81,209.59,MONITORING,False,0.55,21.5,0.0,STABLE,1.66,0.05,0/5,False,0,0
2026-09-23T00:27:03,BRIGHT,220.89,56.67,195.35,MONITORING,False,0.55,21.5,0.0,STABLE,1.66,0.05,0/5,False,0,0
2026-09-23T00:27:04,BRIGHT,219.2,58.53,196.08,MONITORING,False,0.55,21.5,0.0,STABLE,1.66,0.05,0/5,False,0,0
2026-09-23T00:27:05,BRIGHT,219.42,58.32,196.02,MONITORING,False,0.55,21.5,0.0,STABLE,1.66,0.05,0/5,False,0,0
2026-09-23T00:27:06,BRIGHT,219.48,58.35,191.05,MONITORING,False,0.55,21.5,0.0,STABLE,1.66,0.05,0/5,False,0,0
2026-09-23T00:27:07,BRIGHT,218.53,58.93,195.86,MONITORING,False,0.55,21.5,0.0,STABLE,1.66,0.05,0/5,False,0,0
2026-09-23T00:27:08,BRIGHT,219.75,58.07,194.72,MONITORING,False,0.55,21.5,0.0,STABLE,1.66,0.05,0/5,False,0,0
2026-09-23T00:27:09,BRIGHT,219.52,58.23,196.91,MONITORING,False,0.55,21.5,0.0,STABLE,1.66,0.05,0/5,False,0,0
2026-09-23T00:27:10,BRIGHT,219.61,58.2,195.36,MONITORING,False,0.55,21.5,0.0,STABLE,1.66,0.05,0/5,False,0,0
2026-09-23T00:27:11,BRIGHT,219.57,58.15,196.78,MONITORING,False,0.55,21.5,0.0,STABLE,1.66,0.05,0/5,False,0,0
2026-09-23T00:27:12,BRIGHT,219.5,58.28,194.27,MONITORING,False,0.55,21.5,0.0,STABLE,1.66,0.05,0/5,False,0,0
2026-09-23T00:27:13,BRIGHT,219.5,58.25,198.81,MONITORING,False,0.55,21.5,0.0,STABLE,1.66,0.05,0/5,False,0,0
2026-09-23T00:27:14,BRIGHT,219.51,58.23,196.61,MONITORING,False,0.55,21.5,0.0,STABLE,1.66,0.05,0/5,False,0,0
2026-09-23T00:27:15,BRIGHT,222.8,55.59,166.68,MONITORING,False,0.55,21.5,0.0,STABLE,1.66,0.05,0/5,False,0,0
2026-09-23T00:27:16,BRIGHT,224.15,54.8,189.03,MONITORING,False,0.55,21.5,0.0,STABLE,1.66,0.05,0/5,False,0,0
2026-09-23T00:27:17,BRIGHT,223.47,55.38,187.18,MONITORING,False,0.55,21.5,0.0,STABLE,1.66,0.05,0/5,False,0,0
2026-09-23T00:27:18,BRIGHT,222.38,56.9,177.04,MONITORING,False,0.55,21.5,0.0,STABLE,1.66,0.05,0/5,False,0,0
2026-09-23T00:27:19,BRIGHT,223.05,55.98,185.97,MONITORING,False,0.54,0.0,0.0,STABLE,1.39,0.0,0/5,False,0,0
2026-09-23T00:27:20,BRIGHT,222.98,56.07,185.32,MONITORING,False,0.54,0.0,0.0,STABLE,1.39,0.0,0/5,False,0,0
2026-09-23T00:27:21,BRIGHT,222.74,56.25,183.78,MONITORING,False,0.54,0.0,0.0,STABLE,1.39,0.0,0/5,False,0,0
2026-09-23T00:27:22,BRIGHT,222.2,57.04,183.64,MONITORING,False,0.54,0.0,0.0,STABLE,1.39,0.0,0/5,False,0,0
2026-09-23T00:27:23,NORMAL,173.82,65.71,199.27,MONITORING,False,0.54,0.0,0.0,STABLE,1.39,0.0,0/5,False,0,0
2026-09-23T00:27:24,BRIGHT,222.3,57.0,177.52,MONITORING,False,0.54,0.0,0.0,STABLE,1.39,0.0,0/5,False,0,0
2026-09-23T00:27:25,BRIGHT,219.93,59.0,176.55,MONITORING,False,0.54,0.0,0.0,STABLE,1.39,0.0,0/5,False,0,0
2026-09-23T00:27:26,BRIGHT,219.79,59.54,175.62,MONITORING,False,0.54,0.0,0.0,STABLE,1.39,0.0,0/5,False,0,0
2026-09-23T00:27:27,BRIGHT,222.03,57.29,177.96,MONITORING,False,0.54,0.0,0.0,STABLE,1.39,0.0,0/5,False,0,0
2026-09-23T00:27:28,BRIGHT,222.89,56.23,176.62,MONITORING,False,0.54,0.0,0.0,STABLE,1.39,0.0,0/5,False,0,0
2026-09-23T00:27:29,BRIGHT,221.99,57.39,191.83,MONITORING,False,0.54,0.0,0.0,STABLE,1.39,0.0,0/5,False,0,0
2026-09-23T00:27:30,BRIGHT,222.3,56.93,189.4,MONITORING,False,0.54,0.0,0.0,STABLE,1.39,0.0,0/5,False,0,0
2026-09-23T00:27:31,BRIGHT,222.03,57.25,190.81,MONITORING,False,0.54,0.0,0.0,STABLE,1.39,0.0,0/5,False,0,0
2026-09-23T00:27:32,BRIGHT,221.63,57.62,187.08,MONITORING,False,0.54,0.0,0.0,STABLE,1.39,0.0,0/5,False,0,0
2026-09-23T00:27:33,BRIGHT,221.86,57.3,182.28,MONITORING,False,0.54,0.0,0.0,STABLE,1.39,0.0,0/5,False,0,0
2026-09-23T00:27:34,BRIGHT,222.48,56.54,182.79,MONITORING,False,0.54,0.0,0.0,STABLE,1.39,0.0,0/5,False,0,0
2026-09-23T00:27:35,BRIGHT,221.59,56.24,282.48,MONITORING,False,0.53,5.6,5.0,STABLE,1.42,0.05,0/5,False,0,0
2026-09-23T00:27:36,BRIGHT,222.49,56.21,185.38,MONITORING,False,0.53,5.6,5.0,STABLE,1.42,0.05,0/5,False,0,0
2026-09-23T00:27:37,BRIGHT,222.4,56.3,188.91,MONITORING,False,0.53,5.6,5.0,STABLE,1.42,0.05,0/5,False,0,0
2026-09-23T00:27:38,BRIGHT,222.61,56.09,192.14,MONITORING,False,0.53,5.6,5.0,STABLE,1.42,0.05,0/5,False,0,0
2026-09-23T00:27:39,BRIGHT,222.75,55.98,188.99,MONITORING,False,0.53,23.5,0.0,STABLE,1.46,0.07,0/5,False,0,0
2026-09-23T00:27:40,BRIGHT,222.51,56.38,183.76,MONITORING,False,0.53,23.5,0.0,STABLE,1.46,0.07,0/5,False,0,0
2026-09-23T00:27:41,BRIGHT,220.33,59.43,193.48,MONITORING,False,0.53,23.5,0.0,STABLE,1.46,0.07,0/5,False,0,0
2026-09-23T00:27:42,BRIGHT,220.65,59.1,188.88,MONITORING,False,0.53,23.5,0.0,STABLE,1.46,0.07,0/5,False,0,0
2026-09-23T00:27:43,NORMAL,179.77,64.25,154.81,MONITORING,False,0.53,23.5,0.0,STABLE,1.46,0.07,0/5,False,0,0
2026-09-23T00:27:44,BRIGHT,220.05,59.4,177.59,MONITORING,False,0.53,23.5,0.0,STABLE,1.46,0.07,0/5,False,0,0
2026-09-23T00:27:45,BRIGHT,222.53,56.61,180.0,MONITORING,False,0.53,23.5,0.0,STABLE,1.46,0.07,0/5,False,0,0
2026-09-23T00:27:46,BRIGHT,221.43,57.96,165.72,MONITORING,False,0.53,23.5,0.0,STABLE,1.46,0.07,0/5,False,0,0
2026-09-23T00:27:47,BRIGHT,222.36,56.62,184.9,MONITORING,False,0.53,23.5,0.0,STABLE,1.46,0.07,0/5,False,0,0
2026-09-23T00:27:48,BRIGHT,222.57,56.29,183.15,MONITORING,False,0.53,23.5,0.0,STABLE,1.46,0.07,0/5,False,0,0
2026-09-23T00:27:49,BRIGHT,222.16,56.74,179.12,MONITORING,False,0.53,23.5,0.0,STABLE,1.46,0.07,0/5,False,0,0
2026-09-23T00:27:50,BRIGHT,221.35,57.3,172.36,MONITORING,False,0.53,23.5,0.0,STABLE,1.46,0.07,0/5,False,0,0
2026-09-23T00:27:51,BRIGHT,218.44,59.68,196.6,MONITORING,False,0.53,23.5,0.0,STABLE,1.46,0.07,0/5,False,0,0
2026-09-23T00:27:52,BRIGHT,218.88,59.45,189.12,MONITORING,False,0.53,23.5,0.0,STABLE,1.46,0.07,0/5,False,0,0
2026-09-23T00:27:53,BRIGHT,219.94,59.2,154.66,MONITORING,False,0.53,23.5,0.0,STABLE,1.46,0.07,0/5,False,0,0
2026-09-23T00:27:54,BRIGHT,218.35,59.34,183.59,MONITORING,False,0.53,23.5,0.0,STABLE,1.46,0.07,0/5,False,0,0
2026-09-23T00:27:55,BRIGHT,218.66,59.11,193.13,MONITORING,False,0.53,23.5,0.0,STABLE,1.46,0.07,0/5,False,0,0
2026-09-23T00:27:56,BRIGHT,218.71,59.07,190.99,MONITORING,False,0.53,23.5,0.0,STABLE,1.46,0.07,0/5,False,0,0
2026-09-23T00:27:57,BRIGHT,219.05,58.7,193.02,MONITORING,False,0.53,23.5,0.0,STABLE,1.46,0.07,0/5,False,0,0
2026-09-23T00:27:58,BRIGHT,219.14,58.67,189.44,MONITORING,False,0.53,23.5,0.0,STABLE,1.46,0.07,0/5,False,0,0
2026-09-23T00:27:59,BRIGHT,219.02,58.83,190.58,MONITORING,False,0.53,23.5,0.0,STABLE,1.46,0.07,0/5,False,0,0
2026-09-23T00:28:00,NORMAL,154.5,51.92,98.93,MONITORING,False,0.53,23.5,0.0,STABLE,1.46,0.07,0/5,False,0,0
2026-09-23T00:28:01,BRIGHT,218.9,58.96,188.56,MONITORING,False,0.53,23.5,0.0,STABLE,1.46,0.07,0/5,False,0,0
2026-09-23T00:28:02,BRIGHT,219.04,58.88,192.16,MONITORING,False,0.53,23.5,0.0,STABLE,1.46,0.07,0/5,False,0,0
2026-09-23T00:28:03,BRIGHT,218.9,58.94,190.61,MONITORING,False,0.53,23.5,0.0,STABLE,1.46,0.07,0/5,False,0,0
2026-09-23T00:28:04,BRIGHT,218.97,58.86,186.49,MONITORING,False,0.53,23.5,0.0,STABLE,1.46,0.07,0/5,False,0,0
2026-09-23T00:28:05,BRIGHT,219.03,58.85,191.61,MONITORING,False,0.53,23.5,0.0,STABLE,1.46,0.07,0/5,False,0,0
2026-09-23T00:28:06,BRIGHT,219.04,58.76,196.18,MONITORING,False,0.53,23.5,0.0,STABLE,1.46,0.07,0/5,False,0,0
2026-09-23T00:28:07,BRIGHT,219.08,58.78,188.88,MONITORING,False,0.53,23.5,0.0,STABLE,1.46,0.07,0/5,False,0,0
2026-09-23T00:28:08,BRIGHT,219.07,58.8,190.9,MONITORING,False,0.53,23.5,0.0,STABLE,1.46,0.07,0/5,False,0,0
2026-09-23T00:28:09,BRIGHT,219.09,58.75,193.05,MONITORING,False,0.53,23.5,0.0,STABLE,1.46,0.07,0/5,False,0,0
2026-09-23T00:28:10,BRIGHT,219.05,58.8,192.22,MONITORING,False,0.53,23.5,0.0,STABLE,1.46,0.07,0/5,False,0,0
2026-09-23T00:28:11,BRIGHT,219.07,58.76,188.64,MONITORING,False,0.53,23.5,0.0,STABLE,1.46,0.07,0/5,False,0,0
2026-09-23T00:28:12,BRIGHT,221.48,57.18,180.52,MONITORING,False,0.53,23.5,0.0,STABLE,1.46,0.07,0/5,False,0,0
2026-09-23T00:28:13,BRIGHT,215.7,59.35,318.4,MONITORING,False,0.69,19.4,4.0,STABLE,1.76,0.04,0/5,False,0,0
2026-09-23T00:28:14,BRIGHT,216.11,59.15,313.84,MONITORING,False,0.67,26.0,1.5,STABLE,1.72,0.08,0/5,False,0,0
2026-09-23T00:28:15,BRIGHT,216.14,59.32,322.14,MONITORING,False,0.7,9.5,-0.5,STABLE,1.73,0.05,0/5,False,0,0
2026-09-23T00:28:16,BRIGHT,216.22,59.2,322.8,MONITORING,False,0.71,11.0,7.5,DOWN,1.72,-0.04,0/5,False,0,0
2026-09-23T00:28:17,BRIGHT,216.39,59.13,327.22,MONITORING,False,0.7,18.4,-4.0,STABLE,1.75,-0.03,0/5,False,0,0
2026-09-23T00:28:18,BRIGHT,216.52,59.12,323.89,MONITORING,False,0.72,5.0,-0.5,STABLE,1.77,-0.02,0/5,False,0,0
2026-09-23T00:28:19,BRIGHT,216.36,59.18,321.33,MONITORING,False,0.72,29.0,1.5,STABLE,1.71,-0.0,0/5,False,0,0
2026-09-23T00:28:20,BRIGHT,216.29,59.29,316.21,MONITORING,False,0.69,2.2,-1.0,STABLE,1.72,-0.06,0/5,False,0,0
2026-09-23T00:28:21,BRIGHT,216.53,59.18,313.54,MONITORING,False,0.72,4.0,0.5,STABLE,1.76,-0.01,0/5,False,0,0
2026-09-23T00:28:22,BRIGHT,216.31,59.3,321.38,MONITORING,False,0.71,15.5,-0.5,STABLE,1.7,-0.06,0/5,False,0,0
2026-09-23T00:28:23,BRIGHT,216.15,59.34,318.22,MONITORING,False,0.71,6.8,2.0,STABLE,1.74,0.02,0/5,False,0,0
2026-09-23T00:28:24,BRIGHT,216.35,59.3,317.12,MONITORING,False,0.71,10.3,-2.5,STABLE,1.69,-0.13,0/5,False,0,0
2026-09-23T00:28:25,BRIGHT,216.27,59.3,307.09,MONITORING,False,0.74,4.9,-4.5,STABLE,1.77,-0.0,0/5,False,0,0
2026-09-23T00:28:26,BRIGHT,216.16,59.36,324.48,MONITORING,False,0.71,10.0,0.5,STABLE,1.75,0.02,0/5,False,0,0
2026-09-23T00:28:27,BRIGHT,216.27,59.26,319.31,MONITORING,False,0.7,6.6,1.0,STABLE,1.76,0.03,0/5,False,0,0
2026-09-23T00:28:28,BRIGHT,216.3,59.27,316.15,MONITORING,False,0.7,8.6,-1.0,STABLE,1.83,0.07,0/5,False,0,0
2026-09-23T00:28:29,BRIGHT,216.27,59.29,317.16,MONITORING,False,0.71,8.1,3.0,STABLE,1.71,-0.01,0/5,False,0,0
2026-09-23T00:28:30,BRIGHT,216.43,59.14,317.69,MONITORING,False,0.73,24.1,-5.5,UP,1.71,-0.08,0/5,False,0,0
2026-09-23T00:28:31,BRIGHT,217.3,57.92,306.97,MONITORING,False,0.7,18.0,-1.0,STABLE,2.11,0.02,0/5,False,0,0
2026-09-23T00:28:32,BRIGHT,223.51,54.71,158.86,MONITORING,False,0.58,23.9,4.5,STABLE,1.84,-0.04,0/5,False,0,0
2026-09-23T00:28:33,BRIGHT,222.71,55.73,174.78,MONITORING,False,0.58,23.9,4.5,STABLE,1.84,-0.04,0/5,False,0,0
2026-09-23T00:28:34,BRIGHT,222.38,56.3,190.29,MONITORING,False,0.58,23.9,4.5,STABLE,1.84,-0.04,0/5,False,0,0
2026-09-23T00:28:35,BRIGHT,222.22,56.32,186.05,MONITORING,False,0.58,23.9,4.5,STABLE,1.84,-0.04,0/5,False,0,0
2026-09-23T00:28:36,BRIGHT,221.85,56.94,193.45,MONITORING,False,0.58,23.9,4.5,STABLE,1.84,-0.04,0/5,False,0,0
2026-09-23T00:28:37,BRIGHT,220.03,57.34,266.65,MONITORING,False,0.6,43.0,-1.0,STABLE,1.98,0.0,0/5,False,0,0
2026-09-23T00:28:38,BRIGHT,185.74,73.52,201.63,MONITORING,False,0.86,21.5,-1.0,STABLE,1.7,-0.04,0/5,False,0,0
2026-09-23T00:28:39,BRIGHT,182.64,75.26,242.77,MONITORING,False,0.85,5.5,0.0,STABLE,1.74,-0.01,0/5,False,0,0
2026-09-23T00:28:40,BRIGHT,183.26,75.01,240.22,MONITORING,False,0.84,12.5,0.0,STABLE,1.72,-0.04,0/5,False,0,0
2026-09-23T00:28:41,BRIGHT,193.59,71.71,208.45,MONITORING,False,0.78,25.0,-0.5,STABLE,1.62,-0.09,0/5,False,0,0
2026-09-23T00:28:42,BRIGHT,199.85,69.82,228.4,MONITORING,False,0.79,14.5,0.0,STABLE,1.57,-0.09,0/5,False,0,0
2026-09-23T00:28:43,BRIGHT,200.84,69.15,221.79,MONITORING,False,0.78,4.5,0.0,STABLE,1.62,0.0,0/5,False,0,0
2026-09-23T00:28:44,BRIGHT,201.68,68.76,226.16,MONITORING,False,0.78,29.0,-10.5,UP,1.38,-0.1,0/5,False,0,0
2026-09-23T00:28:45,BRIGHT,226.36,51.19,98.9,MONITORING,False,0.74,34.0,28.5,DOWN,1.4,-0.08,0/5,False,0,0
2026-09-23T00:28:46,BRIGHT,219.42,56.87,244.07,MONITORING,False,0.54,15.9,-11.5,UP,1.63,0.0,0/5,False,0,0
2026-09-23T00:28:47,BRIGHT,218.36,58.14,261.27,MONITORING,False,0.67,11.0,7.0,DOWN,1.42,0.03,0/5,False,0,0
2026-09-23T00:28:48,BRIGHT,218.61,58.02,278.6,MONITORING,False,0.59,14.9,-9.5,UP,1.42,-0.04,0/5,False,0,0
2026-09-23T00:28:49,BRIGHT,219.33,57.08,277.4,MONITORING,False,0.53,14.0,-0.5,STABLE,1.41,0.0,0/5,False,0,0
2026-09-23T00:28:50,BRIGHT,219.23,57.26,279.59,MONITORING,False,0.59,5.7,-4.0,STABLE,1.44,0.02,0/5,False,0,0
2026-09-23T00:28:51,BRIGHT,214.78,60.31,291.43,MONITORING,False,0.66,3.2,2.5,STABLE,1.5,0.03,0/5,False,0,0
